ID,target
sub_14_trial_000,rest
sub_14_trial_001,rest
sub_14_trial_002,move
sub_14_trial_003,rest
sub_14_trial_004,rest
sub_14_trial_005,move
sub_14_trial_006,move
sub_14_trial_007,rest
sub_14_trial_008,move
sub_14_trial_009,move
sub_14_trial_010,rest
sub_14_trial_011,move
sub_14_trial_012,rest
sub_14_trial_013,rest
sub_14_trial_014,move
sub_14_trial_015,rest
sub_14_trial_016,rest
sub_14_trial_017,rest
sub_14_trial_018,rest
sub_14_trial_019,rest
sub_14_trial_020,move
sub_14_trial_021,move
sub_14_trial_022,move
sub_14_trial_023,rest
sub_14_trial_024,move
sub_14_trial_025,rest
sub_14_trial_026,rest
sub_14_trial_027,rest
sub_14_trial_028,move
sub_14_trial_029,move
sub_14_trial_030,rest
sub_14_trial_031,move
sub_14_trial_032,rest
sub_14_trial_033,move
sub_14_trial_034,move
sub_14_trial_035,move
sub_14_trial_036,rest
sub_14_trial_037,move
sub_14_trial_038,move
sub_14_trial_039,move
sub_15_trial_000,rest
sub_15_trial_001,rest
sub_15_trial_002,rest
sub_15_trial_003,move
sub_15_trial_004,rest
sub_15_trial_005,move
sub_15_trial_006,rest
sub_15_trial_007,rest
sub_15_trial_008,move
sub_15_trial_009,move
sub_15_trial_010,rest
sub_15_trial_011,move
sub_15_trial_012,move
sub_15_trial_013,move
sub_15_trial_014,move
sub_15_trial_015,rest
sub_15_trial_016,rest
sub_15_trial_017,move
sub_15_trial_018,move
sub_15_trial_019,move
sub_15_trial_020,move
sub_15_trial_021,move
sub_15_trial_022,rest
sub_15_trial_023,rest
sub_15_trial_024,rest
sub_15_trial_025,move
sub_15_trial_026,move
sub_15_trial_027,rest
sub_15_trial_028,rest
sub_15_trial_029,move
sub_15_trial_030,rest
sub_15_trial_031,move
sub_15_trial_032,rest
sub_15_trial_033,rest
sub_15_trial_034,rest
sub_15_trial_035,rest
sub_15_trial_036,move
sub_15_trial_037,rest
sub_15_trial_038,move
sub_15_trial_039,move
sub_16_trial_000,move
sub_16_trial_001,rest
sub_16_trial_002,move
sub_16_trial_003,rest
sub_16_trial_004,move
sub_16_trial_005,rest
sub_16_trial_006,move
sub_16_trial_007,rest
sub_16_trial_008,move
sub_16_trial_009,move
sub_16_trial_010,rest
sub_16_trial_011,move
sub_16_trial_012,move
sub_16_trial_013,rest
sub_16_trial_014,move
sub_16_trial_015,rest
sub_16_trial_016,rest
sub_16_trial_017,rest
sub_16_trial_018,move
sub_16_trial_019,rest
sub_16_trial_020,rest
sub_16_trial_021,move
sub_16_trial_022,move
sub_16_trial_023,move
sub_16_trial_024,move
sub_16_trial_025,rest
sub_16_trial_026,rest
sub_16_trial_027,rest
sub_16_trial_028,move
sub_16_trial_029,move
sub_16_trial_030,rest
sub_16_trial_031,rest
sub_16_trial_032,move
sub_16_trial_033,rest
sub_16_trial_034,move
sub_16_trial_035,rest
sub_16_trial_036,rest
sub_16_trial_037,move
sub_16_trial_038,rest
sub_16_trial_039,move
